datetime,text,username
2022-07-21 13:21:13+00:00,@meelza2 @jimimsoul √® questione di grasso per te,mariegookie
2022-07-21 13:20:30+00:00,@jimimsoul @mariegookie Sei tu che mi citi e trai conclusioni a caso. Se tu dici che quella √® l‚Äôunica cosa che pu√≤ mettersi una persona grassa potr√≤ dirti che per me non √® cosi? Sopratutto perch√© √® mezzora che cerco di spiegarvi che per me non √® una questione di taglia?,meelza2
2022-07-21 13:20:16+00:00,"@Cartabellotta No Brunetta √® un nano politico non d√† l'addio, ma semplicemente dopo aver tentato di estendere la sua statura politica... Dopo aver tentato fortuna nel grande circo politico de destra... torna mesto nel giardino assieme ai suoi 7 fratellini ... ü§£",AleAle52359118
2022-07-21 13:20:12+00:00,@la_nana_bianca Il caldo scioglie....,LucaLc36
2022-07-21 13:19:59+00:00,@geppodanese Il nano ha la virt√π meno apparente,_Basarab
2022-07-21 13:19:14+00:00,@VivianaP1511 @AlexBazzaro Far√† il nano pi√π alto del mondo,Silvio56633140
2022-07-21 13:18:40+00:00,@mariegookie @jimimsoul Cito voi eh perch√© son curiosa di vedere se avete da ridire anche sulle vostre di parole: ‚Äú poi gli chiedi come dovrebbe vestirsi allora una persona grassa secondo queste eccelse regole di buon gusto e ti mostrano‚Äù ho risposto giusto per dire che avete scritto na boiata.,meelza2
2022-07-21 13:17:03+00:00,nana mi rispecchia molto .. she deserved better https://t.co/1hnbkDRh55,wintaego
2022-07-21 13:16:47+00:00,"Meno male, il  nano se ne andato.
Che sollievo.",Tissy01
2022-07-21 13:16:43+00:00,"@myth_79 @fratotolo2 Ricordiamo le parole di un brano di De Andr√©, ""Il Giudice"":
...
√à triste trovarsi adulti
Senza essere cresciuti
La maldicenza insiste
Batte la lingua sul tamburo
Fino a dire che un nano
√à una carogna di sicuro
Perch√© ha il cuore troppo
Troppo vicino al buco del culo.
....üé∂üé∂üé∂",Willi_Shake_01
2022-07-21 13:16:40+00:00,"io con me stessa: ti vedi brutta? ti vedi grassa?
non ti preoccupare ci vedi benissimo
io con tutte le altre: no amo sei una strafregna te ne devi fregare",chiaraquella
2022-07-21 13:13:35+00:00,....a forza Italia se stanno a strappa i capelli dopo maria stella pure il nano da giardino se ne √® andato,maurocoppola72
2022-07-21 13:12:52+00:00,"Adesso siamo in vigile attesa di vedere anche Speranza, il nano, la pazza, il generale, il bibitaro, e via dicendo, fuori dai cogl**ioni.
Il pulmino lo guida Burioni.
#elezioni #spiaze #DraghiVatteneSUBITO",UltimoRimasto
2022-07-21 13:12:51+00:00,"@meelza2 il tuo dire che alcuni capi non stanno bene a chi √® pi√π in carne lo capisco, ma √® frutto di fatphobia interiorizzata, ci fa schifo il grasso, e te lo dico senza un attacco perch√© lo odio anche io dunque cerchiamo di indossare outfit che non mostrino il grasso, ma √® terribilmente-",mariegookie
2022-07-21 13:12:45+00:00,"domani parrucchiere, se non mi fa i capelli come voglio prima faccio pelata quella e poi mi faccio pelata io",sunjmnie
2022-07-21 13:11:51+00:00,In giardino ho gi√† Biancaneve e i sette nani..ma un posto per te figurati..l ottavo nano..Brunettolo https://t.co/65vVpPx90C,Cino98111075
