datetime,text,username,target
2022-07-21 12:07:55+00:00,@SSLazioOrg ma non vi vergognate ad avere tra le vostre fila sti tifosi? Di indecente c‚Äô√® solo il nano da giardino. @radiosei https://t.co/Akf1ghZ34W,LorellaBasso,1
2022-07-21 12:05:40+00:00,@LiciaRonzulli Ma perch√© non segui la collega ed il nano,Vladidecarlini,0
2022-07-21 12:04:49+00:00,"@marcodiego72 @NackaSkoglund89 La cosa pi√π grave √® che non ha mandato a casa Ausilio. Uno dei peggiori DS della storia del calcio. Non so se √® sua competenza scegliere il DS, ma con il pelato non si pu√≤ lavorare.",cryptogag66,0
2022-07-21 12:04:42+00:00,"@Sbarellat0 @90ordnasselA @MarcoBellinazzo vediamo se sono un ciccione, dove abiti?",gervix4,0
2022-07-21 12:03:39+00:00,@renatobrunetta Senza Forza Italia avresti fatto il nano al circo #idiota #ingrato,NessunoDiVoi,0
2022-07-21 12:03:22+00:00,Il nano malefico insieme alla soubrette dove si collocheranno per fottere di nuovo noi italiani?,luigicasile,1
2022-07-21 12:03:16+00:00,"@Antonio_Tajani ma che √® sta roba?
Avete messo la musichetta perch√® ormai manco vai capite cosa pronuncia il nano?",MartyPsyko,1
2022-07-21 12:03:16+00:00,"Crisi di governo, Renato Brunetta lascia Forza Italia: ""Ha tradito la sua storia"" https://t.co/niMQDsUSLW .... lurido verme nano, levati dai coglioni anche te, nessuno ti rimpianger√† !!!",toro51071,1
2022-07-21 12:01:16+00:00,@llovebandana stupido ciccione,purpleepotatoo,1
2022-07-21 12:01:05+00:00,"@PaperinikEdonna @matteorenzi Se arriva allo 0,5% √® grasso che cola",maurotroiani2,0
2022-07-21 12:00:49+00:00,@TweetDiPopolo E' nano ma lo troveremoü§£senza scorta!,asiram1308,0
2022-07-21 12:00:46+00:00,@AntonelloAng @dragonerossoen1 Se ne √® andato anche il nano,Elena21073190,1
2022-07-21 12:00:20+00:00,@_Dluk_ ma te sei pelato e bianco alpino,soldatagranata,0
2022-07-21 11:59:56+00:00,@matlink1977 @mbartolotta63 Con quello che se magna sto' ciccione   hi lo assume? Lo dovrebbero pagare  15.000 euro al mese ma per fare le pulizie mi sembra una paga esagerata.,robydemicheli,1
2022-07-21 11:59:35+00:00,"@eadaimon @PalliCaponera Io no, in compenso ho una ragazza in intimo, normopeso, che dice ""non ditemi grassa"". Immagino sia dimagrita e comprensibilmente cerchi, anche se in un modo che non √® il mio, conferme. Alcuni commenti sono da vomitare.",mariateresacip,0
2022-07-21 11:58:24+00:00,Onesto fa ridere perch√® se non avesse vinto non l'avrebbero mai pi√π cacata in qualsiasi foto/clip dato che il pelato la odia https://t.co/vg25cetd4N,Guess_we_should,0
